keys,fr,es,pt_BR,it
LOGGED_AS,Connecté en tant que,Conectado como,Conectado como,Connesso come
BUILD_VERSION,Numéro de version,Número de versión,Número da versão,Numero di versione
DEVICE_ID,Numéro d'appareil,Identificación del dispositivo,Número do dispositivo,ID del dispositivo
LANGUAGE,Langue,Idioma,Idioma,Lingua
SELECT_A_LANGUAGE,Sélectionnez une langue,Seleccione un idioma,Selecione um idioma,Seleziona una lingua
SIGN_IN_TEACHER,Connexion enseignant,Conexión del docente,Login do professor,Accesso insegnante
SIGN_IN_PARENT,Connexion parent,Conexión del progenitor,Login dos pais,Accesso genitore
CREATE_ACCOUNT,Création de compte,Creación de cuenta,Criar uma conta,Creazione account
LOGIN,Identifiants,Usuario,Identificadores,Credenziali
EMAIL,Adresse mail,Correo electrónico,Endereço eletrônico,Indirizzo email
PASSWORD,Mot de passe,Contraseña,Senha,Password
LOG_IN,Se connecter,Ingresar,Conexão,Accedi
INVALID_EMAIL_OR_PASSWORD,Adresse mail ou mot de passe invalide,Correo electrónico o contraseña inválida,Endereço de e-mail ou senha inválidos,Email o password non validi
LOGIN_USER_NOT_FOUND,Aucun compte ne correspond à cette adresse mail,No existe ninguna cuenta con este correo electrónico,Nenhuma conta corresponde a este e-mail,Nessun account corrisponde a questa email
LOGIN_WRONG_PASSWORD,Mot de passe incorrect,Contraseña incorrecta,Senha incorreta,Password errata
LOGIN_MISSING_CREDENTIALS,Veuillez renseigner votre adresse mail et votre mot de passe,"Por favor, introduzca su correo electrónico y su contraseña","Por favor, informe seu e-mail e sua senha",Inserisci email e password
LOGIN_SERVER_ERROR,"Erreur serveur, veuillez réessayer plus tard","Error del servidor, inténtelo más tarde","Erro do servidor, tente novamente mais tarde","Errore del server, riprova più tardi"
LOGIN_NETWORK_ERROR,"Connexion au serveur échouée, vérifiez votre accès Internet","Error de conexión al servidor, verifique su acceso a Internet","Falha na conexão com o servidor, verifique seu acesso à Internet","Connessione al server fallita, verifica il tuo accesso a Internet"
RESET_PASSWORD,Réinitialiser le mot de passe,Restablecer la contraseña,Redefinir senha,Reimposta password
CHECK_YOUR_EMAIL,Veuillez vérifier votre boîte mail,"Por favor, revise su correo electrónico","Por favor, verifique seu e-mail",Controlla la tua email
RESET_PASSWORD_FAILED,"Erreur lors de la réinitialisation, réessayez plus tard","Error al restablecer la contraseña, inténtelo más tarde","Erro ao redefinir a senha, tente novamente mais tarde","Errore nel reimpostare la password, riprova più tardi"
DEVICE_NUMBER,Appareil {number},Dispositivo {number},Dispositivo {number},Dispositivo {number}
EXPORT_TO_PDF,Exporter en PDF,Exportar a PDF,Exportar para PDF,Esporta in PDF
EXPORT_STUDENT_CODES,Exporter les codes des étudiants,Exportar los códigos de los estudiantes,Exportar os códigos dos estudantes,Esporta i codici degli studenti
STUDENT_CODES,Codes des étudiants,Códigos de los estudiantes,Códigos dos estudantes,Codici degli studenti
SETTINGS,Paramètres,Configuración,Parâmetros,Impostazioni
ADULT_CHECK_PROMPT,"Veuillez confirmer que vous êtes un adulte !
Appuyez sur les touches {1}, {2} et {3}","Confirme que es un adulto! Seleccione {1}, {2} y {3}","Por favor, confirme que você é um adulto! Pressione as teclas {1}, {2} e {3}","Conferma di essere un adulto!
Premi i tasti {1}, {2} e {3}"
ADULT_BOSS_BLOCK_PROMPT,"Un adulte doit intervenir. Refaites le boss avec l'étudiant et demandez-lui de prononcer les mots à voix haute pour vérifier qu'il sait bien lire. Si l'étudiant échoue à lire correctement les mots, il est recommandé de revenir en arrière dans les niveaux pour reprendre les bases. Pour débloquer l'application, appuyez sur les touches {1}, {2} et {3}","Se necesita la intervención de un adulto. Rehaga el jefe con el estudiante y pídale que pronuncie las palabras en voz alta para comprobar que sabe leer. Si el estudiante no logra leer correctamente las palabras, se recomienda volver atrás en los niveles para repasar las bases. Para desbloquear la aplicación, presione las teclas {1}, {2} y {3}","É necessária a intervenção de um adulto. Refaça o chefe com o estudante e peça que ele pronuncie as palavras em voz alta para verificar se sabe ler. Se o estudante não conseguir ler corretamente as palavras, recomenda-se voltar nos níveis para reforçar as bases. Para desbloquear o aplicativo, pressione as teclas {1}, {2} e {3}","È necessario l'intervento di un adulto. Ripeti il livello boss con lo studente e chiedigli di pronunciare le parole ad alta voce per verificare che sappia leggere correttamente. Se lo studente non riesce a leggere bene le parole, si consiglia di tornare ai livelli precedenti per ripassare le basi. Per sbloccare l'app, premi i tasti {1}, {2} e {3}"
STAR,Étoile,Estrella,Estrela,Stella
BAR,Barre,Barra,Barra,Barra
CIRCLE,Cercle,Círculo,Círculo,Cerchio
PLUS,Plus,Más,Mais,Più
SQUARE,Carré,Cuadrado,Quadrado,Quadrato
TRIANGLE,Triangle,Triángulo,Triângulo,Triangolo
DOWNLOADING_DATA,Téléchargement des données...,Descargando los datos...,Download de dados...,Download dei dati...
BACK,Précédent,Atrás,Anterior,Indietro
NEXT,Suivant,Siguiente,Próximo,Avanti
CANCEL,Annuler,Cancelar,Cancelar,Annulla
AUDIO_SETTINGS,Réglages audio,Ajustes de audio,Configurações de áudio,Impostazioni audio
VOLUME_MASTER,Général,General,Geral,Generale
VOLUME_MUSIC,Musique,Música,Música,Musica
VOLUME_VOICE,Voix,Voz,Voz,Voce
VOLUME_EFFECTS,Effets,Efectos,Efeitos,Effetti
SAVE,Enregistrer,Guardar,Salvar,Salva
ACCOUNT_TYPE_PROMPT,Veuillez sélectionner le type de compte que vous souhaitez créer,Seleccionar el tipo de cuenta que desea crear,Selecione o tipo de conta que deseja criar,Seleziona il tipo di account che desideri creare
ACCOUNT_TYPE,Type de compte,Tipo de cuenta,Tipo de conta,Tipo di account
TEACHER,Enseignant,Soy docente,Professor,Insegnante
PARENT,Parent,Soy progenitor,Pais,Genitore
EDUCATION_METHOD_PROMPT,Veuillez sélectionner la méthode d'éducation utilisée,Seleccionar el método de enseñanza utilizado,Selecione o método educacional utilizado,Seleziona il metodo educativo utilizzato
EDUCATION_METHOD_INFOS,"Choisissez ""Complète"" si vous utilisez également les livrets et les jeux en papier","Elegir ""Completo"" si utiliza igualmente los cuadernos y los juegos en papel",Escolha 'Completo' se você também usar os livretos e os jogos de papel,Scegli "Completo" se utilizzi anche i libretti e i giochi cartacei
EDUCATION_METHOD,Méthode,Método,Método,Metodo
METHOD_APP_ONLY,J’utilise uniquement l’application,Uso solo la aplicación,Uso apenas o aplicativo,Uso solo l’applicazione
METHOD_COMPLETE,J’utilise la méthode complète,Uso el método completo,Uso o método completo,Uso il metodo completo
DEVICE_COUNT_PROMPT,Veuillez sélectionner le nombre d'appareils,Seleccionar la cantidad de dispositivos,Selecione o número de dispositivos,Seleziona il numero di dispositivi
DEVICE_COUNT_INFOS,Vous pourrez modifier les appareils ultérieurement dans les paramètres,Puede cambiar los dispositivos más tarde en la configuración,Você pode alterar os dispositivos posteriormente nas configurações,Potrai modificare i dispositivi in seguito nelle impostazioni
DEVICES,Appareils,Dispositivos,Dispositivos,Dispositivi
TEACHER_STUDENT_COUNT_PROMPT,Veuillez sélectionner le nombre d'étudiants sur l'appareil {number},Seleccione la cantidad de estudiantes en el dispositivo {number},Selecione o número de estudantes no dispositivo {number},Seleziona il numero di studenti sul dispositivo {number}
TEACHER_STUDENT_COUNT_INFOS,Vous pourrez modifier les étudiants pour chaque appareil ultérieurement dans les paramètres,Puede cambiar los estudiantes en cada dispositivo más tarde en la configuración,Você pode alterar os estudantes de cada dispositivo em uma data posterior nas configurações,Potrai modificare gli studenti per ogni dispositivo in seguito nelle impostazioni
STUDENTS,étudiants,Estudiantes,Estudantes,Studenti
PARENT_STUDENT_COUNT_PROMPT,Veuillez sélectionner le nombre de joueurs,"Por favor, seleccione la cantidad de jugadores",Selecione o número de jogadores,Seleziona il numero di giocatori
PARENT_STUDENT_COUNT_INFOS,Vous pourrez modifier les joueurs ultérieurement dans les paramètres,Puede modificar los jugadores más tarde en la configuración.,Você pode alterar os jogadores posteriormente nas configurações,Potrai modificare i giocatori in seguito nelle impostazioni
PLAYERS,Joueurs,Jugadores,Jogadores,Giocatori
PLAYER_PROMPT,Veuillez saisir les informations du joueur {number},Ingrese la información del jugador {number},Digite os detalhes do jogador {number},Inserisci le informazioni del giocatore {number}
PLAYER_LEVEL,Niveau,Nivel,Nível,Livello
BEGINNER,Débutant,Principiante,Iniciante,Principiante
REVIEWER,Critique,Supervisor,Revisão,Revisore
ADULT,Adulte,Adulto,Adulto,Adulto
PLAYER_NAME,Prénom,Nombre,Primeiro nome,Nome
PLAYER_AGE,Age,Edad,Idade,Età
CREDENTIALS_PROMPT,Veuillez saisir vos identifiants de connexion,Ingrese los datos de inicio de sesión,Digite seus detalhes de login,Inserisci le tue credenziali di accesso
CONFIRM_PASSWORD,Confirmer le mot de passe,Confirmar la contraseña,Confirmar senha,Conferma password
GENERAL_CONDITIONS_TEXT,"[b]PRÉAMBULE[/b]

Les présentes Conditions Générales d'Utilisation sont disponibles à tout moment : excellolab.org/cgu

Elles déterminent les règles d'accès à nos plateformes sur le site Excello et ses sous-domaines, où se trouvent des contenus numériques pédagogiques, ci-après dénommée la plateforme.

En utilisant cette plateforme, vous reconnaissez, en votre qualité d'utilisateur/enseignant et/ou responsable légal de l'élève mineur à en connaître les termes, les accepter sans réserve et vous y conformer.

Le responsable du traitement se réserve le droit, à leur seule discrétion et sans information préalable, de modifier, supprimer ou ajouter des mentions aux présentes [b]Conditions Générales d'Utilisation[/b], et ce à tout moment afin notamment de prendre en compte toute évolution légale, jurisprudentielle, éditoriale et/ou technique. La version qui prévaut est celle qui est accessible en ligne.

Il vous est donc conseillé de vous référer régulièrement à la dernière version desdites Conditions Générales d'Utilisation.

[b]ARTICLE 1 - USAGE UTILISATEUR, INFORMATIONS PRATIQUES[/b]

L'association Excello a pour objet la recherche, le développement et la diffusion des connaissances dans le domaine de l'éducation, particulièrement en matière d'amélioration de l'apprentissage de la lecture et des mathématiques. Excello élabore et fournit des ressources pédagogiques associées, notamment par le recours aux nouvelles technologies.

[b]1/ Accès aux applications éducative crées par Excello[/b]

Les activités sont disponibles en permanence (24/7) :

- Sur les applications mobile d'Excello, disponibles sur les stores Android et Apple pour être jouéee sur une tablette/smartphone Android 5.1+ et iOS 11+. L'usage d'une tablette est recommandé pour une utilisation optimale du service.
- Sur l'application web en utilisant Google Chrome ou Mozilla Firefox sur Windows, Ubuntu et Android et en utilisant Safari sur MacOs et iOs.
- L'utilisation de l'application peut se faire par un enseignant qui crée un compte pour sa classe, ou par un tuteur légal qui crée un compte pour son enfant.

Une fois l'application installée, l'usage d'internet n'est pas obligatoire. Certaines fonctionnalités seront en revanche désactivées : transcription de la voix en texte et reconnaissance manuscrite.

Dans le cas où l'application est utilisée hors ligne (sans internet), les traces d'apprentissage (résultats des exercices) sont sauvegardées sur l'appareil et ne seront envoyées sur la plateforme qu'une fois le retour d'une connexion à internet.

[b]2/ Accès aux plateformes créées par Excello[/b]

Pour une première utilisation de nos plateformes, il faudra :

- Créer un compte adulte (gardien d'enfant/enseignant).
- Retrouver toutes les informations collectées dans notre politique de confidentialité.

[b]3/ Assistance technique[/b]

En cas d'incident technique sur l'application ou la plateforme, privilégiez l'envoi d'un message à : contact@excellolab.org

Nos équipes mettront tout en œuvre pour vous répondre et résoudre les incidents dans les plus brefs délais.

[b]4/ Matériel utilisé[/b]

L'appareil utilisé devra répondre aux caractéristiques suivantes pour assurer une bonne utilisation des applications Excello :

[b]Minimum :[/b]

- Système : PC Android IOS (Chrome, Firefox, Safari >= 13)
- Processeur : 4 coeurs 1.4 GHz
- Mémoire : 2 GB RAM

[b]Recommandé, pour un rendu optimal :[/b]

- Système : PC Android IOS (Chrome, Firefox, Safari >= 14)
- Processeur : 4 coeurs 2 GHz
- Mémoire : 2 GB RAM

[b]ARTICLE 2 - LICENCE D'UTILISATION[/b]

L'accès à la présente Plateforme vous confère un droit d'usage de celle-ci à titre non exclusif, privé et/ou collectif.

Votre usage de la Plateforme emporte acceptation sans réserve des présentes Conditions Générales d'Utilisation.

L'ensemble des contenus édités sur la Plateforme, incluant à titre non limitatif : les textes, les photographies, les illustrations, les graphismes, les infographies, les cartes, les vidéogrammes, les musiques, les icônes, les logiciels, ci-après dénommés [b]« les Contenus »[/b], sont sous une license CC BY-SA 4.0 .

En application de l'article L. 122-4 du Code de la Propriété Intellectuelle, toute représentation ou reproduction intégrale ou partielle faite sans le consentement de l'auteur ou de ses ayants droit ou ayants cause est illicite. Il en est de même pour la traduction, l'adaptation ou la transformation, l'arrangement ou la reproduction par un art ou un procédé quelconque.

Nous vous rappelons également que la violation des droits d'auteur constitue un délit de contrefaçon puni en France de trois ans d'emprisonnement et de 300. 000 euros d'amende.

De même, le Code de la propriété intellectuelle punit de trois ans d'emprisonnement et de 300.000 euros d'amende toute fixation, reproduction, communication ou mise à la disposition du public, à titre onéreux ou gratuit, ou toute télédiffusion d'une prestation, d'un phonogramme, d'un vidéogramme ou d'un programme, sans l'autorisation, lorsqu'elle est exigée, du titulaire des droits.

[b]ARTICLE 3 - LIMITATION DE RESPONSABILITÉ[/b]

Vous êtes seul responsable des dommages et préjudices, directs ou indirects, matériels ou immatériels dès lors qu'ils auraient pour cause, fondement ou origine un usage de la Plateforme  par vous-même ou par toute personne autorisée par vous à utiliser cette Plateforme. Par usage, il convient d'entendre tout usage de la Plateforme quel qu'il soit, frauduleux ou non frauduleux.

Les mineurs sont admis à accéder à la Plateforme, à la condition expresse qu'ils aient préalablement obtenus de leurs parents (ou de la personne exerçant l'autorité parentale) l'autorisation de le faire et de fournir les informations et adresses électroniques par lesquelles toute communication peut leur être transmise. Le fait pour eux de s'inscrire implique qu'ils ont obtenu cette autorisation préalable, laquelle est expressément requise sur la Plateforme au moment de l'inscription.

Les éditeurs de la Plateforme s'engagent à faire leurs meilleurs efforts pour sécuriser l'accès, la consultation et l'utilisation de la Plateforme.

[b]ARTICLE 4 - APPLICATION DE LA LOI FRANÇAISE[/b]

Les règles applicables à l'usage de la Plateforme et à tous les contenus et informations qu'elle comporte sont régies par la loi française. En cas de litige, les tribunaux français seront seuls compétents.

[b]ARTICLE 5 - CONDITIONS DE MODIFICATIONS DE LA POLITIQUE DE CONFIDENTIALITÉ[/b]

L'éditeur du site se réserve le droit de la modifier afin de garantir sa conformité avec le droit et les usages en vigueur.","[b]PREÁMBULO[/b]

Las presentes Condiciones Generales de Uso están disponibles en todo momento: excellolab.org/cgu

En ellas se establecen las normas de acceso a nuestras plataformas de la web Excello y sus subdominios, que contienen contenidos educativos digitales, en adelante la plataforma.

Al utilizar esta plataforma, usted reconoce que, como usuario –profesor y/o tutor legal de un menor–, conoce las condiciones, las acepta sin reservas y las cumple.

El responsable del tratamiento se reserva el derecho, a su entera discreción y sin previo aviso, de modificar, suprimir o completar las presentes [b]""Condiciones Generales de Uso""[/b] en cualquier momento, en particular para tener en cuenta cualquier evolución jurídica, jurisprudencial, editorial y/o técnica. La versión que prevalece es la que está accesible en línea.

Por lo tanto, le aconsejamos que consulte regularmente la última versión de las presentes Condiciones Generales de Uso.

[b]ARTÍCULO 1 - USO DEL USUARIO, INFORMACIÓN PRÁCTICA[/b]

La asociación Excello tiene por objeto la investigación, el desarrollo y la difusión de conocimientos en el ámbito de la educación, especialmente en lo que se refiere a la mejora del aprendizaje de la lectura y las matemáticas. Excello desarrolla y proporciona recursos educativos asociados, en particular mediante el uso de las nuevas tecnologías.

[b]1/ Acceso a las aplicaciones educativas creadas por Excello[/b]

Las actividades están disponibles 24 horas al día, 7 días a la semana:

- En las aplicaciones móviles de Excello, disponibles en las tiendas Android y Apple para jugar en una tableta/smartphone Android 5.1+ e iOS 11+. Se recomienda el uso de una tableta para un uso óptimo del servicio.
- En la aplicación web utilizando Google Chrome o Mozilla Firefox en Windows, Ubuntu y Android, y utilizando Safari en macOS e iOS.
- La aplicación puede ser utilizada por un profesor que crea una cuenta para su clase, o por un tutor legal que crea una cuenta para su hijo.

Una vez instalada la aplicación, el uso de Internet no es obligatorio. Sin embargo, algunas funciones estarán desactivadas: la transcripción de voz a texto y el reconocimiento de escritura.

Si la aplicación se utiliza offline (sin internet), las trazas de aprendizaje (resultados de los ejercicios) se guardan en el dispositivo y sólo se enviarán a la plataforma cuando se restablezca la conexión a internet.

[b]2/ Acceso a las plataformas creadas por Excello[/b]

Para utilizar nuestras plataformas por primera vez, deberá:

- Crear una cuenta de adulto (cuidador de niños/profesor).
- Encontrar toda la información recopilada en nuestra política de privacidad.

[b]3/ Asistencia técnica[/b]

En caso de incidencia técnica en la aplicación o plataforma, envíe un mensaje a: contact@excellolab.org

Nuestros equipos harán todo lo posible para responder y resolver cualquier incidencia lo antes posible.

[b]4/ Equipo utilizado[/b]

El dispositivo utilizado debe cumplir las siguientes especificaciones para garantizar el correcto uso de las aplicaciones Excello:

[b]Mínimo:[/b]

- Sistema: PC, Android, iOS (Chrome, Firefox, Safari >= 13)
- Procesador: 4 núcleos 1,4 GHz
- Memoria: 2 GB RAM

[b]Recomendado, para una óptima renderización:[/b]

- Sistema: PC, Android, iOS (Chrome, Firefox, Safari >= 14)
- Procesador: 4 núcleos 2 GHz
- Memoria: 2 GB RAM

[b]ARTÍCULO 2 - LICENCIA DE USO[/b]

El acceso a esta Plataforma le otorga un derecho de uso no exclusivo, privado y/o colectivo.

El uso de la Plataforma implica la aceptación sin reservas de las presentes Condiciones Generales de Uso.

Todo el contenido publicado en la Plataforma, incluidos, entre otros: textos, fotografías, ilustraciones, gráficos, infografías, mapas, videogramas, música, iconos y software, en lo sucesivo denominado [b]""el Contenido""[/b], está sujeto a una licencia CC BY-SA 4.0.

De conformidad con el artículo L. 122-4 del Código francés de la Propiedad Intelectual, toda representación o reproducción total o parcial sin el consentimiento del autor o de sus derechohabientes o causahabientes es ilícita. Lo mismo se aplica a la traducción, adaptación o transformación, arreglo o reproducción por cualquier arte o procedimiento.

Le recordamos también que la violación de los derechos de autor es un delito castigado en Francia con tres años de prisión y 300.000 euros de multa.

Del mismo modo, el Código francés de la Propiedad Intelectual castiga con tres años de prisión y 300.000 euros de multa toda fijación, reproducción, comunicación o puesta a disposición del público, a título oneroso o gratuito, o toda emisión televisiva de una interpretación o ejecución, de un fonograma, de un videograma o de un programa, sin la autorización, en su caso, del titular de los derechos.

[b]ARTÍCULO 3 - LIMITACIÓN DE RESPONSABILIDAD[/b]

Usted será el único responsable de cualquier daño o pérdida, directo o indirecto, material o inmaterial, si se debe, se basa o se origina en el uso de la Plataforma por su parte o por parte de cualquier persona autorizada por usted a utilizar la Plataforma. Por uso se entiende cualquier utilización de la Plataforma, sea fraudulenta o no.

Los menores de edad pueden acceder a la Plataforma con la condición expresa de que hayan obtenido la autorización previa de sus padres (o de la persona que ejerza la patria potestad) para hacerlo y de que faciliten la información y las direcciones de correo electrónico por las que se les pueda transmitir cualquier comunicación. El hecho de que se inscriban implica que han obtenido esta autorización previa, que se exige expresamente en la Plataforma en el momento de la inscripción.

Los editores de la Plataforma se comprometen a hacer todo lo posible para garantizar la seguridad del acceso, la consulta y la utilización de la Plataforma.

[b]ARTÍCULO 4 - APLICACIÓN DEL DERECHO FRANCÉS[/b]

Las normas aplicables a la utilización de la Plataforma y a todos los contenidos e informaciones que contiene se rigen por el derecho francés. En caso de litigio, los tribunales franceses serán los únicos competentes.

[b]ARTÍCULO 5 - CONDICIONES DE MODIFICACIÓN DE LA POLÍTICA DE CONFIDENCIALIDAD[/b]

El editor del sitio se reserva el derecho a modificarla para garantizar su conformidad con la legislación y los usos vigentes.","[b]PRÉAMBULO[/b]

As presentes Condições Gerais de Uso estão disponíveis a qualquer momento: excellolab.org/cgu

Elas determinam as regras de acesso às nossas plataformas no site Excello e seus subdomínios, onde se encontram conteúdos digitais pedagógicos, doravante denominada plataforma.

Ao utilizar esta plataforma, você reconhece, na qualidade de usuário – professor e/ou responsável legal do aluno menor de idade – que conhece os termos, os aceita sem reservas e se compromete a cumpri-los.

O responsável pelo tratamento se reserva o direito, a seu exclusivo critério e sem aviso prévio, de modificar, excluir ou adicionar disposições a estas [b]""Condições Gerais de Uso""[/b] a qualquer momento, especialmente para levar em conta qualquer evolução legal, jurisprudencial, editorial e/ou técnica. A versão prevalente é aquela acessível online.

Recomenda-se, portanto, que você consulte regularmente a última versão destas Condições Gerais de Uso.

[b]ARTIGO 1 - USO DO USUÁRIO, INFORMAÇÕES PRÁTICAS[/b]

A associação Excello tem como objetivo a pesquisa, desenvolvimento e disseminação de conhecimentos na área da educação, particularmente na melhoria da aprendizagem da leitura e matemática. A Excello desenvolve e fornece recursos pedagógicos associados, principalmente por meio de novas tecnologias.

[b]1/ Acesso aos aplicativos educativos criados pela Excello[/b]

As atividades estão disponíveis 24 horas por dia, 7 dias por semana:

- Nos aplicativos móveis da Excello, disponíveis nas lojas Android e Apple, para uso em tablets/smartphones com Android 5.1+ e iOS 11+. O uso de um tablet é recomendado para uma experiência otimizada do serviço.
- No aplicativo web, utilizando Google Chrome ou Mozilla Firefox no Windows, Ubuntu e Android, e Safari no macOS e iOS.

O uso do aplicativo pode ser feito por um professor que cria uma conta para sua turma ou por um responsável legal que cria uma conta para seu filho.

Uma vez instalado o aplicativo, o uso da internet não é obrigatório. No entanto, algumas funcionalidades serão desativadas, como transcrição de voz para texto e reconhecimento de escrita manual.

Se o aplicativo for utilizado offline (sem internet), os registros de aprendizagem (resultados dos exercícios) serão salvos no dispositivo e serão enviados para a plataforma assim que a conexão com a internet for restabelecida.

[b]2/ Acesso às plataformas criadas pela Excello[/b]

Para um primeiro uso das nossas plataformas, é necessário:

- Criar uma conta adulta (responsável legal/professor).
- Consultar todas as informações coletadas em nossa política de privacidade.

[b]3/ Assistência técnica[/b]

Em caso de problemas técnicos com o aplicativo ou a plataforma, entre em contato pelo e-mail: contact@excellolab.org

Nossa equipe fará o possível para responder e resolver os problemas o mais rápido possível.

[b]4/ Requisitos de hardware[/b]

O dispositivo utilizado deve atender aos seguintes requisitos para garantir o bom funcionamento dos aplicativos Excello:

[b]Mínimo:[/b]

- Sistema: PC, Android, iOS (Chrome, Firefox, Safari 13+)
- Processador: 4 núcleos 1.4 GHz
- Memória: 2 GB RAM

[b]Recomendado, para melhor desempenho:[/b]

- Sistema: PC, Android, iOS (Chrome, Firefox, Safari 14+)
- Processador: 4 núcleos 2 GHz
- Memória: 2 GB RAM

[b]ARTIGO 2 - LICENÇA DE USO[/b]

O acesso a esta Plataforma concede a você um direito de uso não exclusivo, privado e/ou coletivo.

O uso da Plataforma implica a aceitação sem reservas das presentes Condições Gerais de Uso.

Todo o conteúdo publicado na Plataforma, incluindo mas não se limitando a: textos, fotografias, ilustrações, gráficos, infográficos, mapas, videogramas, músicas, ícones e softwares, doravante denominados [b]""os Conteúdos""[/b], está sob licença CC BY-SA 4.0.

De acordo com o artigo L. 122-4 do Código de Propriedade Intelectual, qualquer representação ou reprodução integral ou parcial feita sem o consentimento do autor ou de seus sucessores é ilícita. O mesmo se aplica à tradução, adaptação ou transformação, arranjo ou reprodução por qualquer meio ou processo.

Lembramos também que a violação dos direitos autorais constitui crime de falsificação, punível na França com três anos de prisão e multa de 300.000 euros.

Da mesma forma, o Código de Propriedade Intelectual pune com três anos de prisão e multa de 300.000 euros qualquer fixação, reprodução, comunicação ou disponibilização pública, gratuita ou paga, de uma performance, fonograma, videograma ou programa sem a devida autorização quando exigida.

[b]ARTIGO 3 - LIMITAÇÃO DE RESPONSABILIDADE[/b]

Você é o único responsável por quaisquer danos e prejuízos, diretos ou indiretos, materiais ou imateriais, decorrentes do uso da Plataforma por você ou por terceiros autorizados por você.

Menores de idade só podem acessar a Plataforma com autorização prévia dos pais ou responsáveis.

[b]ARTIGO 4 - APLICAÇÃO DA LEI FRANCESA[/b]

As regras aplicáveis à Plataforma e seus conteúdos são regidas pela lei francesa. Em caso de litígio, os tribunais franceses terão competência exclusiva.

[b]ARTIGO 5 - MODIFICAÇÕES NA POLÍTICA DE PRIVACIDADE[/b]

O editor do site se reserva o direito de modificar a política de privacidade para garantir sua conformidade com as leis e práticas vigentes.","[b]PREMESSA[/b]

Le presenti Condizioni Generali di Utilizzo sono disponibili in qualsiasi momento: excellolab.org/cgu

Esse definiscono le regole di accesso alle nostre piattaforme sul sito Excello e sui suoi sottodomini, dove sono presenti contenuti digitali didattici, di seguito denominata la piattaforma.

Utilizzando questa piattaforma, l’utente, in qualità di utilizzatore/insegnante e/o responsabile legale dello studente minorenne, dichiara di conoscerne i termini, di accettarli senza riserva e di rispettarli.

Il titolare del trattamento si riserva il diritto, a propria esclusiva discrezione e senza preavviso, di modificare, eliminare o aggiungere disposizioni alle presenti [b]Condizioni Generali di Utilizzo[/b] in qualsiasi momento, in particolare per tenere conto di eventuali evoluzioni legislative, giurisprudenziali, editoriali e/o tecniche. La versione valida è quella accessibile online.

Si consiglia pertanto di consultare regolarmente l’ultima versione delle presenti Condizioni Generali di Utilizzo.

[b]ARTICOLO 1 - USO DELL’UTENTE, INFORMAZIONI PRATICHE[/b]

L’associazione Excello ha come obiettivo la ricerca, lo sviluppo e la diffusione delle conoscenze nel campo dell’educazione, in particolare per quanto riguarda il miglioramento dell’apprendimento della lettura e della matematica. Excello sviluppa e fornisce risorse didattiche associate, in particolare attraverso l’utilizzo delle nuove tecnologie.

[b]1/ Accesso alle applicazioni educative create da Excello[/b]

Le attività sono disponibili in modo permanente (24/7):

- Sulle applicazioni mobili di Excello, disponibili negli store Android e Apple per essere utilizzate su tablet/smartphone Android 5.1+ e iOS 11+. Si raccomanda l’uso di un tablet per un utilizzo ottimale del servizio.
- Sull’applicazione web utilizzando Google Chrome o Mozilla Firefox su Windows, Ubuntu e Android e Safari su macOS e iOS.
- L’applicazione può essere utilizzata da un insegnante che crea un account per la propria classe o da un tutore legale che crea un account per il proprio figlio.

Una volta installata l’applicazione, l’uso di Internet non è obbligatorio. Tuttavia alcune funzionalità saranno disattivate: trascrizione vocale in testo e riconoscimento della scrittura manuale.

Nel caso in cui l’applicazione venga utilizzata offline (senza Internet), le tracce di apprendimento (risultati degli esercizi) vengono salvate sul dispositivo e saranno inviate alla piattaforma solo al ripristino della connessione Internet.

[b]2/ Accesso alle piattaforme create da Excello[/b]

Per un primo utilizzo delle nostre piattaforme sarà necessario:

- Creare un account adulto (genitore/tutore o insegnante).
- Consultare tutte le informazioni raccolte nella nostra informativa sulla privacy.

[b]3/ Assistenza tecnica[/b]

In caso di problema tecnico sull’applicazione o sulla piattaforma, inviare un messaggio a: contact@excellolab.org

I nostri team faranno il possibile per rispondere e risolvere i problemi nel più breve tempo possibile.

[b]4/ Dispositivo utilizzato[/b]

Il dispositivo utilizzato deve soddisfare le seguenti caratteristiche per garantire un corretto utilizzo delle applicazioni Excello:

[b]Minimo:[/b]

- Sistema: PC Android iOS (Chrome, Firefox, Safari >= 13)
- Processore: 4 core 1.4 GHz
- Memoria: 2 GB RAM

[b]Consigliato, per prestazioni ottimali:[/b]

- Sistema: PC Android iOS (Chrome, Firefox, Safari >= 14)
- Processore: 4 core 2 GHz
- Memoria: 2 GB RAM

[b]ARTICOLO 2 - LICENZA D’USO[/b]

L’accesso alla presente Piattaforma conferisce un diritto di utilizzo non esclusivo, privato e/o collettivo.

L’utilizzo della Piattaforma comporta l’accettazione senza riserva delle presenti Condizioni Generali di Utilizzo.

Tutti i contenuti pubblicati sulla Piattaforma, inclusi a titolo esemplificativo ma non esaustivo: testi, fotografie, illustrazioni, grafici, infografiche, mappe, videogrammi, musiche, icone, software, di seguito denominati [b]«Contenuti»[/b], sono soggetti a licenza CC BY-SA 4.0.

Ai sensi dell’articolo L.122-4 del Codice della Proprietà Intellettuale francese, qualsiasi rappresentazione o riproduzione totale o parziale effettuata senza il consenso dell’autore o dei suoi aventi diritto è illecita. Lo stesso vale per traduzione, adattamento, trasformazione, arrangiamento o riproduzione con qualsiasi mezzo o procedimento.

Si ricorda inoltre che la violazione dei diritti d’autore costituisce reato di contraffazione punito in Francia con tre anni di reclusione e 300.000 euro di ammenda.

Allo stesso modo, il Codice della Proprietà Intellettuale punisce con tre anni di reclusione e 300.000 euro di ammenda qualsiasi fissazione, riproduzione, comunicazione o messa a disposizione del pubblico, a titolo oneroso o gratuito, o qualsiasi trasmissione di una prestazione, di un fonogramma, di un videogramma o di un programma, senza l’autorizzazione del titolare dei diritti, quando richiesta.

[b]ARTICOLO 3 - LIMITAZIONE DI RESPONSABILITÀ[/b]

L’utente è l’unico responsabile dei danni e dei pregiudizi, diretti o indiretti, materiali o immateriali, qualora derivino dall’utilizzo della Piattaforma da parte propria o di qualsiasi persona autorizzata. Per utilizzo si intende qualsiasi uso della Piattaforma, fraudolento o meno.

I minori possono accedere alla Piattaforma a condizione espressa di aver ottenuto preventivamente l’autorizzazione dei genitori (o di chi esercita la responsabilità genitoriale) e di fornire le informazioni e gli indirizzi email necessari per eventuali comunicazioni. L’iscrizione implica l’ottenimento di tale autorizzazione preventiva, espressamente richiesta al momento della registrazione.

Gli editori della Piattaforma si impegnano a fare del loro meglio per garantire la sicurezza dell’accesso, della consultazione e dell’utilizzo della Piattaforma.

[b]ARTICOLO 4 - APPLICAZIONE DELLA LEGGE FRANCESE[/b]

Le regole applicabili all’utilizzo della Piattaforma e a tutti i contenuti e le informazioni in essa contenuti sono disciplinate dalla legge francese. In caso di controversia, saranno competenti esclusivamente i tribunali francesi.

[b]ARTICOLO 5 - MODIFICHE ALLA POLITICA SULLA PRIVACY[/b]

L’editore del sito si riserva il diritto di modificarla al fine di garantirne la conformità alle leggi e agli usi vigenti."

CONDITIONS,Conditions,Condiciones,Condições,Condizioni
ACCEPT_GENERAL_CONDITIONS,Accepter les conditions générales,Aceptar las condiciones generales,Aceitar termos e condições,Accetta i termini e le condizioni
ACCEPT_GENERAL_CONDITIONS_ERROR,Veuillez accepter les conditions générales avant de continuer,Aceptar las condiciones generales antes de avanzar,Aceite os termos e condições antes de continuar,Accetta i termini e le condizioni prima di continuare
ACCOUNT_CREATED,Votre compte a bien été créé,Su cuenta se ha creado correctamente,Sua conta foi criada com sucesso,Il tuo account è stato creato
KALULU_READY_TO_EXPLORE,Kalulu est prêt à explorer avec vous !,¡Kalulu está listo para explorar con usted!,Kalulu está pronto para explorar com você!,Kalulu è pronto a esplorare con te!
CODES_SAVED_IN_FOLDER,"Vos codes sont enregistrés dans : {folder}","Sus códigos están guardados en: {folder}","Seus códigos estão salvos em: {folder}","I tuoi codici sono salvati in: {folder}"
CODES_AVAILABLE_IN_SETTINGS,"Vos codes restent accessibles à tout moment dans les paramètres.","Sus códigos siguen estando disponibles en los ajustes.","Seus códigos continuam disponíveis nas configurações.","I tuoi codici restano disponibili nelle impostazioni."
REGISTRATION_SUMMARY,Récapitulatif de l’inscription,Resumen del registro,Resumo do registro,Riepilogo della registrazione
SAVE_ALL_CODES,Enregistrer tous les codes,Guardar todos los códigos,Salvar todos os códigos,Salva tutti i codici
VALIDATE,Confirmer,Confirmar,Confirmar,Conferma
SUMMARY_EMAIL,Adresse email : {mail},Correo electrónico: {mail},Endereço de e-mail : {mail},Indirizzo email: {mail}
SUMMARY_TYPE,Type de compte : {type},Tipo de cuenta: {type},Tipo de conta : {type},Tipo di account: {type}
SUMMARY_METHOD,Méthode d'éducation : {method},Método de enseñanza: {method},Método educacional : {method},Metodo educativo: {method}
APP_ONLY,Application uniquement,Solo aplicación,Somente aplicativo,Solo applicazione
COMPLETE,Complète (livrets et jeux papiers),Completo (cuaderno y juegos en papel),Completo (livretos e jogos de papel),Completo (libretti e giochi cartacei)
SUMMARY_NUMBER_OF_DEVICES,Nombre d'appareils : {number},Cantidad de dispositivos: {number},Número de dispositivos : {number},Numero di dispositivi: {number}
SUMMARY_NUMBER_OF_STUDENTS,Nombre d'étudiants : {number},Cantidad de estudiantes: {number},Número de estudantes : {number},Numero di studenti: {number}
STUDENT_NUM,Étudiant {number},Estudiante {number},Estudante {number},Studente {number}
LOGOUT,Déconnexion,Cerrar sesión,Desconexão,Disconnetti
SETTINGS_ADD_DEVICE,Ajout d'un appareil,Agregar un dispositivo,Adição de um dispositivo,Aggiungi un dispositivo
SETTINGS_ADD_STUDENT,Ajout d'un étudiant,Agregar un estudiante,Adicionar um estudante,Aggiungi uno studente
SETTINGS_INTERNET_MANDATORY_TO_ADD_STUDENT,Une connexion internet est obligatoire pour ajouter un étudiant,Se requiere una conexión a internet para agregar un estudiante,É necessária uma conexão com a internet para adicionar um estudante,È necessaria una connessione Internet per aggiungere uno studente
SETTINGS_LESSONS,Leçons,Lecciones,Lições,Lezioni
CLOSE,Fermer,Cerrar,Fechar,Chiudi
REGISTER_FAILED,Une erreur est survenue,Se ha producido un error,Ocorreu um erro,Si è verificato un errore
ERROR_DOWNLOADING,Impossible de télécharger les données de jeu,No se pueden descargar los datos del juego,Não é possível fazer o download dos dados do jogo,Impossibile scaricare i dati di gioco
EXTRACTING_DATA,Extraction des données,Extracción de datos,Extração de dados,Estrazione dei dati
LESSON,Leçon,Lección,Lição,Lezione
GARDEN,Jardin,Jardín,Jardim,Giardino
GRAPHEME,Graphème,Grafema,Grafema,Grafema
LOOKANDLEARN,Regarder et apprendre,Mira y aprende,Assista e aprenda,Guarda e impara
EXERCISE1,Exercice 1,Ejercicio 1,Exercício 1,Esercizio 1
EXERCISE2,Exercice 2,Ejercicio 2,Exercício 2,Esercizio 2
EXERCISE3,Exercice 3,Ejercicio 3,Exercício 3,Esercizio 3
Locked,Verrouillé,Bloqueado,Bloqueado,Bloccato
Unlocked,Déverrouillé,Desbloqueado,Desbloqueado,Sbloccato
Completed,Terminé,Completado,Concluído,Completato
CHECKING_LANGUAGE,Vérification de la langue...,Comprobando idioma...,Verificação de idioma...,Verifica della lingua...
NO_TEACHER_SETTINGS_ON_DEVICE,Aucun paramètre enseignant n'est configuré sur cet appareil.,No hay ajustes de profesor en este dispositivo.,Nenhuma configuração de professor neste dispositivo.,Nessuna impostazione insegnante configurata su questo dispositivo.
LANGUAGE_NOT_SUPPORTED,La langue « %s » n’est pas prise en charge.,El idioma « %s » no es compatible.,O idioma « %s » não é suportado.,La lingua « %s » non è supportata.
NO_VALID_LANGUAGE_DATA_AVAILABLE,Aucune donnée de langue disponible.,No hay datos de idioma disponibles.,Não há dados de idioma disponíveis.,Nessun dato di lingua disponibile.
CHECKING_DATA,Vérification des données...,Comprobando datos...,Verificação de dados...,Verifica dei dati...
TEACHER_SETTINGS_HELP,"Les paramètres sont réservés aux adultes : appuyez sur « Paramètres », puis suivez l'instruction affichée.","Los ajustes están reservados a los adultos: pulse «Ajustes» y siga la instrucción que aparece.","As configurações são reservadas aos adultos: toque em «Configurações» e siga a instrução exibida.","Le impostazioni sono riservate agli adulti: premi «Impostazioni» e segui l'istruzione mostrata."
DELETE_ACCOUNT,Supprimer le compte,Eliminar cuenta,Excluir conta,Elimina account
DELETE_ACCOUNT_POPUP,Voulez-vous vraiment supprimer votre compte ? Cette action est irréversible !,¿De verdad quieres eliminar tu cuenta? ¡Esta acción es irreversible!,Você realmente deseja excluir sua conta? Essa ação é irreversível!,Vuoi davvero eliminare il tuo account? Questa azione è irreversibile!
CHANGE_LANGUAGE,Changer la langue,Cambiar el idioma,Mudar o idioma,Cambia lingua
CHANGE_LANGUAGE_POPUP,"Changer la langue du compte supprimera toute la progression et les données de tous les étudiants. Cette action est irréversible. Sélectionnez la nouvelle langue ci-dessous.","Cambiar el idioma de la cuenta borrará todo el progreso y los datos de todos los estudiantes. Esta acción es irreversible. Seleccione el nuevo idioma a continuación.","Mudar o idioma da conta apagará todo o progresso e os dados de todos os estudantes. Essa ação é irreversível. Selecione o novo idioma abaixo.","Cambiare la lingua dell'account cancellerà tutti i progressi e i dati di tutti gli studenti. Questa azione è irreversibile. Seleziona di seguito la nuova lingua."
CHANGE_LANGUAGE_ERROR,"Impossible de changer la langue. Veuillez vérifier votre connexion et réessayer.","No se pudo cambiar el idioma. Compruebe su conexión y vuelva a intentarlo.","Não foi possível mudar o idioma. Verifique sua conexão e tente novamente.","Impossibile cambiare la lingua. Verifica la connessione e riprova."
DISCONNECTED_ERROR,Vous avez été déconnecté. Veuillez renseigner vos identifiants à nouveau.,Se ha cerrado la sesión. Vuelva a introducir sus datos de acceso.,Você foi desconectado. Digite seus detalhes de login novamente.,Sei stato disconnesso. Inserisci nuovamente le tue credenziali.
INVALID_LANGUAGE_DIRECTORY,Dossier de langue invalide,Carpeta de idioma no válida,Pasta de idioma inválida,Cartella lingua non valida
NO_INTERNET_ACCESS,Vous n'êtes pas connecté à Internet. Veuillez vérifier votre connexion et réessayer.,No está conectado a Internet. Compruebe su conexión e inténtelo de nuevo.,Você não está conectado à Internet. Verifique sua conexão e tente novamente.,Non sei connesso a Internet. Verifica la connessione e riprova.
NO_LANGUAGE_PACK_TITLE,Connexion Internet requise,Se requiere conexión a Internet,É necessária conexão com a Internet,È necessaria una connessione a Internet
NO_LANGUAGE_PACK_POPUP,"Kalulu a besoin d'une connexion à Internet pour télécharger les données de la langue avant de pouvoir être utilisé. Veuillez vous connecter à Internet, puis réessayer.","Kalulu necesita conexión a Internet para descargar los datos del idioma antes de poder usarse. Conéctese a Internet y vuelva a intentarlo.","O Kalulu precisa de conexão com a Internet para baixar os dados do idioma antes de poder ser usado. Conecte-se à Internet e tente novamente.","Kalulu ha bisogno di una connessione a Internet per scaricare i dati della lingua prima di poter essere usato. Collegati a Internet e riprova."
TRY_AGAIN,Réessayer,Volver a intentarlo,Tentar novamente,Riprova
ERROR_EXTRACTING_PACKAGE,Le pack de langue téléchargé n'a pas pu être extrait. Veuillez réessayer.,No se ha podido extraer el paquete de idioma descargado. Inténtelo de nuevo.,Não foi possível extrair o pacote de idioma baixado. Tente novamente.,Impossibile estrarre il pacchetto lingua scaricato. Riprova.
ERROR_INVALID_PACKAGE,Le pack de langue téléchargé est invalide ou incomplet. Veuillez réessayer plus tard.,El paquete de idioma descargado no es válido o está incompleto. Inténtelo de nuevo más tarde.,O pacote de idioma baixado é inválido ou está incompleto. Tente novamente mais tarde.,Il pacchetto lingua scaricato non è valido o è incompleto. Riprova più tardi.
ERROR_REPLACING_PACKAGE,Impossible de remplacer l'ancien pack de langue. Veuillez redémarrer l'application et réessayer.,No se ha podido reemplazar el paquete de idioma anterior. Reinicie la aplicación e inténtelo de nuevo.,Não foi possível substituir o pacote de idioma anterior. Reinicie o aplicativo e tente novamente.,Impossibile sostituire il pacchetto lingua precedente. Riavvia l'applicazione e riprova.
PICK_YOUR_DEVICE,Choisissez votre appareil,Elige tu dispositivo,Escolha seu dispositivo,Scegli il tuo dispositivo
SIGN_IN,Connexion,Conexión,Conexão,Accedi
RETURN_TO_MAIN_MENU,Retour à l’accueil,Volver a la página principal,Voltar para a página inicial,Torna alla schermata principale
ADD_STUDENT_POPUP,Souhaitez-vous ajouter un nouvel étudiant ?,¿Desea añadir un nuevo estudiante?,Você gostaria de adicionar um novo estudante?,Vuoi aggiungere un nuovo studente?
ADD_DEVICE_POPUP,Souhaitez-vous ajouter un nouvel appareil ? Un étudiant sera créé automatiquement.,¿Desea añadir un nuevo dispositivo? Se creará un estudiante automáticamente.,Gostaria de adicionar um novo dispositivo? Um estudante será criado automaticamente.,Vuoi aggiungere un nuovo dispositivo? Verrà creato automaticamente uno studente.
DELETE_STUDENT_POPUP,Souhaitez-vous supprimer cet étudiant ? Cette action est définitive et entrainera la perte de la progression de cet étudiant.,¿Desea eliminar a este estudiante? Esta acción es definitiva y supondrá la pérdida del progreso de este estudiante.,Deseja excluir esse estudante? Essa ação é definitiva e resultará na perda do progresso desse estudante.,Vuoi eliminare questo studente? Questa azione è definitiva e comporterà la perdita dei progressi dello studente.
DELETE_STUDENT,Supprimer l'étudiant,Borrar estudiante,Excluir estudante,Elimina studente
CHANGE_DEVICE,Changer d'appareil,Cambiar de dispositivo,Trocar de dispositivo,Cambia dispositivo
DASHBOARD,Tableau de bord,Tablero,Dashboard,Dashboard
SYNCHRONIZE_ACCOUNT,Synchroniser compte,Sincronizar cuenta,Sincronizar conta,Sincronizza account
SYNC_CHOICE_POPUP,Conflit de données : serveur plus récent. Choisir une version.,Conflicto de datos: el servidor es más reciente. Elige una versión.,Conflito de dados: servidor mais recente. Escolha uma versão.,Conflitto di dati: il server è più recente. Scegli una versione.
SERVER_PRIORITY,Serveur,Servidor,Servidor,Server
LOCAL_PRIORITY,Locale,Local,Local,Locale
SYNCHRONIZATION_INITIALISATION,Initialisation de la synchronisation,Inicializando sincronización,Inicializando sincronização,Inizializzazione sincronizzazione
SYNCHRONIZATION_SUCCESS,Synchronisation terminée avec succès,Sincronización terminada con éxito,Sincronização concluída com sucesso,Sincronizzazione completata con successo
SYNCHRONIZATION_CHECK_INTERNET_ACCESS,Vérification de la connexion internet,Verificación de la conexión a internet,Verificação da conexão com a internet,Verifica della connessione Internet
SYNCHRONIZATION_ERROR_NO_INTERNET,Synchronisation impossible sans connexion internet,Sincronización imposible sin conexión a internet,Sincronização impossível sem conexão com a internet,Sincronizzazione impossibile senza connessione Internet
SYNCHRONIZATION_ERROR_NO_SERVER,Échec : pas de connexion serveur,Error: sin conexión con el servidor,Erro: sem conexão com o servidor,Errore: nessuna connessione al server
SYNCHRONIZATION_ERROR_NO_LOCAL_TIMESTAMP,Échec : horodatage local manquant,Error: falta marca de tiempo local,Erro: falta carimbo de data/hora local,Errore: timestamp locale mancante
SYNCHRONIZATION_ERROR_NO_BODY_FROM_SERVER,Échec : réponse du serveur vide,Error: respuesta vacía del servidor,Erro: resposta vazia do servidor,Errore: risposta del server vuota
SYNCHRONIZATION_ERROR_SERVER,Échec : erreur côté serveur,Error: error del servidor,Erro: erro no servidor,Errore: errore lato server
SYNCHRONIZATION_ERROR_FAIL_SEND_DATA_USER,Échec de l’envoi des données utilisateur,Error al enviar datos del usuario,Erro ao enviar dados do usuário,Errore nell'invio dei dati utente
SYNCHRONIZATION_ERROR_FAIL_SEND_DATA_STUDENT,Échec de l’envoi des données étudiant,Error al enviar datos del estudiante,Erro ao enviar dados do estudante,Errore nell'invio dei dati studente
SYNCHRONIZATION_ERROR,Échec de la synchronisation,Error de sincronización,Erro de sincronização,Errore di sincronizzazione
SYNCHRONIZATION_ASK_SERVER_TIMESTAMP,Demande des horodatages au serveur,Solicitar marcas de tiempo al servidor,Solicitar carimbos de data e hora ao servidor,Richiesta timestamp al server
SYNCHRONIZATION_COMPARE_SERVER_TIMESTAMP,Comparaison des horodatages,Comparar marcas de tiempo,Comparar carimbos de data e hora,Confronto dei timestamp
SYNCHRONIZATION_COMPILE_SERVER_INSTRUCTIONS,Compilation des instructions de synchronisation,Compilar instrucciones de sincronización,Compilar instruções de sincronização,Compilazione istruzioni di sincronizzazione
SYNCHRONIZATION_SEND_SERVER_INSTRUCTIONS,Envoie des instructions de synchronisation au serveur,Enviar instrucciones de sincronización al servidor,Enviar instruções de sincronização ao servidor,Invio istruzioni di sincronizzazione al server
SYNCHRONIZATION_APPLY_LOCAL_INSTRUCTIONS,Application des instructions de synchronisation en local,Aplicar instrucciones de sincronización localmente,Aplicar instruções de sincronização localmente,Applicazione istruzioni di sincronizzazione in locale
LOG_TOO_MUCH_ROTATION,Log: Rotation index exceeded 999; continuing with _1000. It is recommended to restart the game,Log: El índice de rotación superó los 999; continuando con _1000. Se recomienda reiniciar el juego,Log: Índice de rotação excedeu 999; continuando com _1000. Recomenda-se reiniciar o jogo,Log: indice di rotazione superiore a 999; continua con _1000. Si consiglia di riavviare il gioco
DANGER_ZONE,ZONE DE DANGER,ZONA DE PELIGRO,ZONA DE PERIGO,ZONA DI PERICOLO
CLEAR_LOCAL_DATA,Supprimer toutes les données locales,Borrar todos los datos locales,Apagar todos os dados locais,Elimina tutti i dati locali
CLEAR_LOCAL_DATA_CONFIRM,cliquez sur OK %d fois pour confirmer,haz clic en OK %d veces para confirmar,clique em OK %d vezes para confirmar,fai clic su OK %d volte per confermare
RESTART_APP_REQUIRED,Veuillez fermer l’application et la relancer,Por favor cierre la aplicación y vuelva a abrirla,"Por favor, feche o aplicativo e reinicie-o",Chiudi l'applicazione e riavviala
OK,OK,OK,OK,OK
VALUE_REQUIRED,Ce champ est requis,Este campo es obligatorio,Este campo é obrigatório,Questo campo è obbligatorio
BRAIN_PLAYER_PROGRESS,Progrès de {name},Progreso de {name},Progresso de {name},Progressi di {name}
BRAIN_PLAYER_PROGRESS_NO_NAME,Progrès du joueur,Progreso del jugador,Progresso do jogador,Progressi del giocatore
WELCOME_TO_KALULU,Bienvenue dans Kalulu,Bienvenido a Kalulu,Bem-vindo ao Kalulu,Benvenuto in Kalulu
GET_STARTED_NOW,Commencez maintenant,Empiece ahora,Comece agora,Inizia ora
LOGIN_TO_ACCESS_YOUR_ACCOUNT,Connectez-vous pour accéder à votre compte,Inicie sesión para acceder a su cuenta,Entre para acessar sua conta,Accedi per entrare nel tuo account
SIGN_UP,S'inscrire,Registrarse,Cadastrar-se,Registrati
FORGOT_PASSWORD,Mot de passe oublié ?,¿Olvidó su contraseña?,Esqueceu sua senha?,Password dimenticata?
ADD_A_NEW_STUDENT,Ajouter un nouvel étudiant ?,¿Añadir un nuevo estudiante?,Adicionar um novo estudante?,Aggiungere un nuovo studente?
MAXIMUM_STUDENTS_REACHED,Nombre maximum d'étudiants atteint,Número máximo de estudiantes alcanzado,Número máximo de estudantes alcançado,Numero massimo di studenti raggiunto
MAXIMUM_STUDENTS_REACHED_POPUP,"Vous avez atteint la limite de {number} étudiants. Chaque étudiant se connecte avec un code de trois symboles qui lui est propre, et toutes les combinaisons possibles sont déjà utilisées. Supprimez un étudiant pour pouvoir en ajouter un nouveau.","Ha alcanzado el límite de {number} estudiantes. Cada estudiante inicia sesión con un código de tres símbolos que le pertenece, y ya se utilizan todas las combinaciones posibles. Borre un estudiante para poder añadir uno nuevo.","Você atingiu o limite de {number} estudantes. Cada estudante faz login com um código de três símbolos que lhe pertence, e todas as combinações possíveis já estão em uso. Exclua um estudante para poder adicionar um novo.","Hai raggiunto il limite di {number} studenti. Ogni studente accede con un codice di tre simboli che gli appartiene, e tutte le combinazioni possibili sono già in uso. Elimina uno studente per poterne aggiungere uno nuovo."
NO_MORE_STUDENT_CODES,Plus de codes disponibles,No hay más códigos disponibles,Não há mais códigos disponíveis,Non ci sono più codici disponibili
STUDENT_CODES_EXHAUSTED_POPUP,"Tous les codes étudiants sont maintenant utilisés, et {students} étudiants ont été créés. Chaque étudiant se connecte avec un code de trois symboles qui lui est propre, et il n'existe pas d'autre combinaison possible.","Todos los códigos de estudiante ya están en uso y se crearon {students} estudiantes. Cada estudiante inicia sesión con un código de tres símbolos que le pertenece, y no existe ninguna otra combinación posible.","Todos os códigos de estudante já estão em uso e {students} estudantes foram criados. Cada estudante faz login com um código de três símbolos que lhe pertence, e não existe nenhuma outra combinação possível.","Tutti i codici studente sono ora in uso e sono stati creati {students} studenti. Ogni studente accede con un codice di tre simboli che gli appartiene, e non esiste nessun'altra combinazione possibile."
STUDENT_CODES_EXHAUSTED_DEVICES_POPUP,"Tous les codes étudiants sont maintenant utilisés. L'appareil {device} a reçu {students} étudiants, et les {devices} appareils suivants ont été retirés, faute de codes à leur attribuer. Vous pouvez continuer la création du compte, et ajouter des étudiants plus tard dans les paramètres si vous en supprimez.","Todos los códigos de estudiante ya están en uso. El dispositivo {device} recibió {students} estudiantes y se han quitado los {devices} dispositivos siguientes, al no quedar códigos que asignarles. Puede continuar creando la cuenta y añadir estudiantes más tarde en los ajustes si borra alguno.","Todos os códigos de estudante já estão em uso. O dispositivo {device} recebeu {students} estudantes e os {devices} dispositivos seguintes foram removidos, por não haver códigos para atribuir a eles. Você pode continuar criando a conta e adicionar estudantes mais tarde nas configurações se excluir algum.","Tutti i codici studente sono ora in uso. Il dispositivo {device} ha ricevuto {students} studenti e i {devices} dispositivi successivi sono stati rimossi, non essendoci codici da assegnare loro. Puoi continuare a creare l'account e aggiungere studenti più tardi nelle impostazioni se ne elimini qualcuno."
ADD_STUDENT_FAILED,"Impossible d'ajouter l'étudiant. Veuillez vérifier votre connexion et réessayer.","No se pudo añadir el estudiante. Compruebe su conexión y vuelva a intentarlo.","Não foi possível adicionar o estudante. Verifique sua conexão e tente novamente.","Impossibile aggiungere lo studente. Verifica la connessione e riprova."
ADD_A_NEW_DEVICE,Ajouter un nouvel appareil ?,¿Añadir un nuevo dispositivo?,Adicionar um novo dispositivo?,Aggiungere un nuovo dispositivo?
LOG_IN_TO_DEVICE,Connexion à l'appareil {number},Conexión al dispositivo {number},Conexão ao dispositivo {number},Accesso al dispositivo {number}
ENTER_YOUR_ACCESS_CODE,Saisis ton code d'accès pour te connecter à Kalulu.,Introduce tu código de acceso para conectarte a Kalulu.,Digite seu código de acesso para entrar no Kalulu.,Inserisci il tuo codice di accesso per entrare in Kalulu.
FORGOT_YOUR_CODE,Code oublié ?,¿Olvidó el código?,Esqueceu o código?,Codice dimenticato?
FORGOT_CODE_HELP,Vous le trouverez dans les Paramètres.,Lo encontrará en la Configuración.,Você o encontrará nos Parâmetros.,Lo troverai nelle Impostazioni.
STUDENT_PROGRESS,Progression de l’étudiant,Progreso del estudiante,Progresso do estudante,Progressi dello studente
NAME,Nom,Nombre,Nome,Nome
CODE,Code,Código,Código,Codice
LEARNING_PROGRESS,Progression,Progreso,Progresso,Progressi
STATUS,Statut,Estado,Estado,Stato
LOCKED,Verrouillé,Bloqueado,Bloqueado,Bloccato
UNLOCKED,Débloqué,Desbloqueado,Desbloqueado,Sbloccato
COMPLETED,Terminé,Completado,Concluído,Completato
